Good information,Price,Image,Url
"Молоко питьевое ультрапастеризованное I'm Happy 1,5%, 1,45л",2.26,/upload/resize_cache/photo/170_170_0/1572367.jpg,%2Fcatalog%2Fmolochnye-produkty-syr-yaytsa%2Fmoloko-267%2Fmoloko-268%2F145559%2F
"Молоко питьевое ультрапастеризованное I'm Happy 2,5%, 1,45л",2.58,/upload/resize_cache/photo/170_170_0/1572368.jpg,%2Fcatalog%2Fmolochnye-produkty-syr-yaytsa%2Fmoloko-267%2Fmoloko-268%2F145560%2F
"Молоко пастеризованное Асаблiвае А2 питьевое 3,6%, 0,75л",3.91,/upload/resize_cache/photo/170_170_0/1572285.jpg,%2Fcatalog%2Fmolochnye-produkty-syr-yaytsa%2Fmoloko-267%2Fmoloko-268%2F169315%2F
"Молоко питьевое пастеризованное #Можно без лактозы 3,2%, 0,93л",2.17,/upload/resize_cache/photo/170_170_0/1557711.jpg,%2Fcatalog%2Fmolochnye-produkty-syr-yaytsa%2Fmoloko-267%2Fmoloko-268%2F265023%2F
"Молоко питьевое пастеризованное Здравушка 2%, 0,93л",1.62,/upload/resize_cache/photo/170_170_0/1450730.jpg,%2Fcatalog%2Fmolochnye-produkty-syr-yaytsa%2Fmoloko-267%2Fmoloko-268%2F158171%2F
"Молоко питьевое пастеризованное Здравушка 3,2%, 0,93л",1.82,/upload/resize_cache/photo/170_170_0/1568292.jpg,%2Fcatalog%2Fmolochnye-produkty-syr-yaytsa%2Fmoloko-267%2Fmoloko-268%2F158234%2F
"Молоко питьевое стерилизованное Козье Беллакт цельное 2,5%-4,0%, 200мл",1.31,/upload/resize_cache/photo/170_170_0/1556346.jpg,%2Fcatalog%2Fmolochnye-produkty-syr-yaytsa%2Fmoloko-267%2Fmoloko-268%2F150773%2F
"Молоко питьевое стерилизованное Простоквашино 2,5%, 1л",3.40,/upload/resize_cache/photo/170_170_0/1027912.jpg,%2Fcatalog%2Fmolochnye-produkty-syr-yaytsa%2Fmoloko-267%2Fmoloko-268%2F167298%2F
"Молоко питьевое стерилизованное Простоквашино 3,2%, 1л",3.53,/bitrix/templates/our_follow/images/no_photo_medium.png,%2Fcatalog%2Fmolochnye-produkty-syr-yaytsa%2Fmoloko-267%2Fmoloko-268%2F167299%2F
"Молоко питьевое ультрапастеризованное Брест-Литовскъ 2,8%, 1л",2.08,/bitrix/templates/our_follow/images/no_photo_medium.png,%2Fcatalog%2Fmolochnye-produkty-syr-yaytsa%2Fmoloko-267%2Fmoloko-268%2F34492%2F
"Молоко питьевое ультрапастеризованное Брест-Литовскъ 3,6%, 1л",2.24,/bitrix/templates/our_follow/images/no_photo_medium.png,%2Fcatalog%2Fmolochnye-produkty-syr-yaytsa%2Fmoloko-267%2Fmoloko-268%2F134191%2F
"Молоко питьевое ультрапастеризованное Здрава 3,2%, 1л",2.75,/bitrix/templates/our_follow/images/no_photo_medium.png,%2Fcatalog%2Fmolochnye-produkty-syr-yaytsa%2Fmoloko-267%2Fmoloko-268%2F280081%2F
"Молоко питьевое ультрапастеризованное Малочны гасцiнец 2,8%, 0,93л",2.02,/bitrix/templates/our_follow/images/no_photo_medium.png,%2Fcatalog%2Fmolochnye-produkty-syr-yaytsa%2Fmoloko-267%2Fmoloko-268%2F256449%2F
"Молоко питьевое ультрапастеризованное Савушкин 1,5%, 1л",1.84,/bitrix/templates/our_follow/images/no_photo_medium.png,%2Fcatalog%2Fmolochnye-produkty-syr-yaytsa%2Fmoloko-267%2Fmoloko-268%2F34493%2F
"Молоко питьевое ультрапастеризованное Савушкин Продукт 1,5%, 1л",2.61,/bitrix/templates/our_follow/images/no_photo_medium.png,%2Fcatalog%2Fmolochnye-produkty-syr-yaytsa%2Fmoloko-267%2Fmoloko-268%2F158157%2F
"Молоко питьевое ультрапастеризованное Савушкин продукт 2,5%, 1л",1.93,/bitrix/templates/our_follow/images/no_photo_medium.png,%2Fcatalog%2Fmolochnye-produkty-syr-yaytsa%2Fmoloko-267%2Fmoloko-268%2F33636%2F
"Молоко питьевое ультрапастеризованное Савушкин Продукт 3,1%, 1л",2.98,/bitrix/templates/our_follow/images/no_photo_medium.png,%2Fcatalog%2Fmolochnye-produkty-syr-yaytsa%2Fmoloko-267%2Fmoloko-268%2F34577%2F
"Молоко питьевое ультрапастеризованное Сафiйка 3,2%, 0,95л",2.10,/bitrix/templates/our_follow/images/no_photo_medium.png,%2Fcatalog%2Fmolochnye-produkty-syr-yaytsa%2Fmoloko-267%2Fmoloko-268%2F146091%2F
"Молоко питьевое ультрапастеризованное Свежие Новости 3,5%, 0,9л",1.92,/bitrix/templates/our_follow/images/no_photo_medium.png,%2Fcatalog%2Fmolochnye-produkty-syr-yaytsa%2Fmoloko-267%2Fmoloko-268%2F34987%2F
"Молоко питьевое ультрапастеризованое Простоквашино 1,5%, 900мл",2.76,/bitrix/templates/our_follow/images/no_photo_medium.png,%2Fcatalog%2Fmolochnye-produkty-syr-yaytsa%2Fmoloko-267%2Fmoloko-268%2F255823%2F
"Молоко питьевое ультрапастеризованое Простоквашино 2,5%, 900мл",2.92,/bitrix/templates/our_follow/images/no_photo_medium.png,%2Fcatalog%2Fmolochnye-produkty-syr-yaytsa%2Fmoloko-267%2Fmoloko-268%2F255824%2F
"Молоко питьевое ультрапастеризованое Простоквашино 3,2%, 900мл",3.01,/bitrix/templates/our_follow/images/no_photo_medium.png,%2Fcatalog%2Fmolochnye-produkty-syr-yaytsa%2Fmoloko-267%2Fmoloko-268%2F255842%2F
"Молоко питьевое цельное ультрапастеризованное отборное Сафiйка 3-6%, 0,93л",2.21,/bitrix/templates/our_follow/images/no_photo_medium.png,%2Fcatalog%2Fmolochnye-produkty-syr-yaytsa%2Fmoloko-267%2Fmoloko-268%2F146092%2F
"Молоко стерилизованное #Можно безлактозное 3,2%, 1л",2.92,/bitrix/templates/our_follow/images/no_photo_medium.png,%2Fcatalog%2Fmolochnye-produkty-syr-yaytsa%2Fmoloko-267%2Fmoloko-268%2F256454%2F
"Молоко стерилизованное Малочны гасцiнец 3,2%, 200мл",0.80,/bitrix/templates/our_follow/images/no_photo_medium.png,%2Fcatalog%2Fmolochnye-produkty-syr-yaytsa%2Fmoloko-267%2Fmoloko-268%2F154286%2F
"Молоко стерилизованное Молочный Мир 1,5%, 1л",2.23,/bitrix/templates/our_follow/images/no_photo_medium.png,%2Fcatalog%2Fmolochnye-produkty-syr-yaytsa%2Fmoloko-267%2Fmoloko-268%2F254968%2F
"Молоко стерилизованное Молочный Мир 2,5%, 1л",2.37,/bitrix/templates/our_follow/images/no_photo_medium.png,%2Fcatalog%2Fmolochnye-produkty-syr-yaytsa%2Fmoloko-267%2Fmoloko-268%2F254967%2F
"Молоко стерилизованное Молочный Мир 3,2%, 1л",2.50,/bitrix/templates/our_follow/images/no_photo_medium.png,%2Fcatalog%2Fmolochnye-produkty-syr-yaytsa%2Fmoloko-267%2Fmoloko-268%2F254969%2F
"Молоко ультрапастеризованное Complimilk 2,5%, 1л",2.21,/bitrix/templates/our_follow/images/no_photo_medium.png,%2Fcatalog%2Fmolochnye-produkty-syr-yaytsa%2Fmoloko-267%2Fmoloko-268%2F262136%2F
"Молоко ультрапастеризованное ГороденЪ 2,5%, 0,95л",1.94,/bitrix/templates/our_follow/images/no_photo_medium.png,%2Fcatalog%2Fmolochnye-produkty-syr-yaytsa%2Fmoloko-267%2Fmoloko-268%2F261205%2F
"Молоко ультрапастеризованное ГороденЪ 3,2%, 0,95л",1.93,/bitrix/templates/our_follow/images/no_photo_medium.png,%2Fcatalog%2Fmolochnye-produkty-syr-yaytsa%2Fmoloko-267%2Fmoloko-268%2F261206%2F
"Молоко ультрапастеризованное Малочны Гасцiнец 3,6%, 0,93л",2.20,/bitrix/templates/our_follow/images/no_photo_medium.png,%2Fcatalog%2Fmolochnye-produkty-syr-yaytsa%2Fmoloko-267%2Fmoloko-268%2F256349%2F
"Молоко ультрапастеризованное Милкавита Latte Barista 3,2%, 1л",2.48,/bitrix/templates/our_follow/images/no_photo_medium.png,%2Fcatalog%2Fmolochnye-produkty-syr-yaytsa%2Fmoloko-267%2Fmoloko-268%2F36577%2F
"Молоко ультрапастеризованное Минская Марка 3,2%, 0,9л",1.87,/bitrix/templates/our_follow/images/no_photo_medium.png,%2Fcatalog%2Fmolochnye-produkty-syr-yaytsa%2Fmoloko-267%2Fmoloko-268%2F149795%2F
"Молоко ультрапастеризованное Минская марка отборное 3,4-6%, 0,9л",2.21,/bitrix/templates/our_follow/images/no_photo_medium.png,%2Fcatalog%2Fmolochnye-produkty-syr-yaytsa%2Fmoloko-267%2Fmoloko-268%2F264578%2F
"Молоко ультрапастеризованное Молочное Раздолье Софийка 2,5%, 0,95л",1.94,/bitrix/templates/our_follow/images/no_photo_medium.png,%2Fcatalog%2Fmolochnye-produkty-syr-yaytsa%2Fmoloko-267%2Fmoloko-268%2F261177%2F
"Молоко ультрапастеризованное Молочный Мир 3.2%, 1,45л",2.79,/bitrix/templates/our_follow/images/no_photo_medium.png,%2Fcatalog%2Fmolochnye-produkty-syr-yaytsa%2Fmoloko-267%2Fmoloko-268%2F265022%2F
"Молоко ультрапастеризованное Славянские традиции 3,2%, 0,9л",1.93,/bitrix/templates/our_follow/images/no_photo_medium.png,%2Fcatalog%2Fmolochnye-produkty-syr-yaytsa%2Fmoloko-267%2Fmoloko-268%2F134479%2F
